﻿pos_x,pos_y,rotation,side,designator,mpn,pack,footprint,value,mount_type,place
70.606489,19.72207,0.0,top,C1,,,CP_EIA-7343-43_Kemet-X_Pad2.25x2.55mm_HandSolder,47uF,smt,True
30.807502,85.411787,0.0,top,C10,,,C_1206_3216Metric,470pF,smt,True
38.442502,67.121073,180.0,top,C11,,,C_1210_3225Metric,10uF,smt,True
30.807502,75.656073,0.0,top,C12,,,C_1206_3216Metric,0.18uF,smt,True
30.807502,71.086073,0.0,top,C13,,,C_1206_3216Metric,470pF,smt,True
38.442502,52.795359,180.0,top,C14,,,C_1210_3225Metric,10uF,smt,True
30.807502,61.330359,0.0,top,C15,,,C_1206_3216Metric,0.18uF,smt,True
30.807502,56.760359,0.0,top,C16,,,C_1206_3216Metric,470pF,smt,True
38.442502,38.469645,180.0,top,C17,,,C_1210_3225Metric,10uF,smt,True
30.807502,47.004645,0.0,top,C18,,,C_1206_3216Metric,0.18uF,smt,True
30.807502,42.434645,0.0,top,C19,,,C_1206_3216Metric,470pF,smt,True
38.367502,110.060001,180.0,top,C2,,,C_1210_3225Metric,10uF,smt,True
38.442502,24.143931,180.0,top,C20,,,C_1210_3225Metric,10uF,smt,True
30.807502,32.678931,0.0,top,C21,,,C_1206_3216Metric,0.18uF,smt,True
30.807502,28.108931,0.0,top,C22,,,C_1206_3216Metric,470pF,smt,True
38.462502,9.818217,180.0,top,C23,,,C_1210_3225Metric,10uF,smt,True
30.827502,18.353217,0.0,top,C24,,,C_1206_3216Metric,0.18uF,smt,True
30.827502,13.783217,0.0,top,C25,,,C_1206_3216Metric,470pF,smt,True
38.367502,119.072501,180.0,bottom,C26,,,C_1210_3225Metric,10uF,smt,True
30.732502,110.537501,0.0,bottom,C27,,,C_1206_3216Metric,0.18uF,smt,True
30.732502,115.107501,0.0,bottom,C28,,,C_1206_3216Metric,470pF,smt,True
38.392502,104.785001,180.0,bottom,C29,,,C_1210_3225Metric,10uF,smt,True
30.732502,118.595001,0.0,top,C3,,,C_1206_3216Metric,0.18uF,smt,True
30.757502,96.250001,0.0,bottom,C30,,,C_1206_3216Metric,0.18uF,smt,True
30.757502,100.820001,0.0,bottom,C31,,,C_1206_3216Metric,470pF,smt,True
38.442502,90.460001,180.0,bottom,C32,,,C_1210_3225Metric,10uF,smt,True
30.807502,81.925001,0.0,bottom,C33,,,C_1206_3216Metric,0.18uF,smt,True
30.807502,86.495001,0.0,bottom,C34,,,C_1206_3216Metric,470pF,smt,True
38.442502,76.135001,180.0,bottom,C35,,,C_1210_3225Metric,10uF,smt,True
30.807502,67.600001,0.0,bottom,C36,,,C_1206_3216Metric,0.18uF,smt,True
30.807502,72.170001,0.0,bottom,C37,,,C_1206_3216Metric,470pF,smt,True
38.442502,61.810001,180.0,bottom,C38,,,C_1210_3225Metric,10uF,smt,True
30.807502,53.275001,0.0,bottom,C39,,,C_1206_3216Metric,0.18uF,smt,True
30.732502,114.025001,0.0,top,C4,,,C_1206_3216Metric,470pF,smt,True
30.807502,57.845001,0.0,bottom,C40,,,C_1206_3216Metric,470pF,smt,True
38.442502,47.485001,180.0,bottom,C41,,,C_1210_3225Metric,10uF,smt,True
30.807502,38.950001,0.0,bottom,C42,,,C_1206_3216Metric,0.18uF,smt,True
30.807502,43.520001,0.0,bottom,C43,,,C_1206_3216Metric,470pF,smt,True
38.430999,33.155,180.0,bottom,C44,,,C_1210_3225Metric,10uF,smt,True
30.795999,24.62,0.0,bottom,C45,,,C_1206_3216Metric,0.18uF,smt,True
30.795999,29.19,0.0,bottom,C46,,,C_1206_3216Metric,470pF,smt,True
38.473501,18.840001,180.0,bottom,C47,,,C_1210_3225Metric,10uF,smt,True
30.838501,10.305001,0.0,bottom,C48,,,C_1206_3216Metric,0.18uF,smt,True
30.838501,14.875001,0.0,bottom,C49,,,C_1206_3216Metric,470pF,smt,True
38.392502,95.772501,180.0,top,C5,,,C_1210_3225Metric,10uF,smt,True
30.757502,104.307501,0.0,top,C6,,,C_1206_3216Metric,0.18uF,smt,True
30.757502,99.737501,0.0,top,C7,,,C_1206_3216Metric,470pF,smt,True
38.442502,81.446787,180.0,top,C8,,,C_1210_3225Metric,10uF,smt,True
30.807502,89.981787,0.0,top,C9,,,C_1206_3216Metric,0.18uF,smt,True
30.720002,111.755001,180.0,top,D1,,,Nexperia_CFP3_SOD-123W,PMEG10010ELRX,smt,True
30.795002,68.816073,180.0,top,D10,,,Nexperia_CFP3_SOD-123W,PMEG10010ELRX,smt,True
91.525,60.05,0.0,top,D11,,,LED_0805_2012Metric,LED Green,smt,True
85.475,60.05,0.0,top,D12,,,LED_0805_2012Metric,LED,smt,True
30.795002,54.490359,180.0,top,D13,,,Nexperia_CFP3_SOD-123W,PMEG10010ELRX,smt,True
91.525,53.0,0.0,top,D14,,,LED_0805_2012Metric,LED Green,smt,True
85.5,53.0,0.0,top,D15,,,LED_0805_2012Metric,LED,smt,True
30.795002,40.164645,180.0,top,D16,,,Nexperia_CFP3_SOD-123W,PMEG10010ELRX,smt,True
91.525,45.95,0.0,top,D17,,,LED_0805_2012Metric,LED Green,smt,True
85.475,45.95,0.0,top,D18,,,LED_0805_2012Metric,LED,smt,True
30.795002,25.838931,180.0,top,D19,,,Nexperia_CFP3_SOD-123W,PMEG10010ELRX,smt,True
91.525,81.2,0.0,top,D2,,,LED_0805_2012Metric,LED Green,smt,True
91.525,38.9,0.0,top,D20,,,LED_0805_2012Metric,LED Green,smt,True
85.475,38.9,0.0,top,D21,,,LED_0805_2012Metric,LED,smt,True
30.815002,11.513217,180.0,top,D22,,,Nexperia_CFP3_SOD-123W,PMEG10010ELRX,smt,True
91.525,31.85,0.0,top,D23,,,LED_0805_2012Metric,LED Green,smt,True
85.475,31.85,0.0,top,D24,,,LED_0805_2012Metric,LED,smt,True
30.720002,117.377501,180.0,bottom,D25,,,Nexperia_CFP3_SOD-123W,PMEG10010ELRX,smt,True
79.490981,81.202269,0.0,top,D26,,,LED_0805_2012Metric,LED Green,smt,True
73.440981,81.202269,0.0,top,D27,,,LED_0805_2012Metric,LED,smt,True
30.745002,103.090001,180.0,bottom,D28,,,Nexperia_CFP3_SOD-123W,PMEG10010ELRX,smt,True
79.490981,74.152269,0.0,top,D29,,,LED_0805_2012Metric,LED Green,smt,True
85.475,81.2,0.0,top,D3,,,LED_0805_2012Metric,LED,smt,True
73.440981,74.152269,0.0,top,D30,,,LED_0805_2012Metric,LED,smt,True
30.795002,88.765001,180.0,bottom,D31,,,Nexperia_CFP3_SOD-123W,PMEG10010ELRX,smt,True
79.490981,67.102269,0.0,top,D32,,,LED_0805_2012Metric,LED Green,smt,True
73.440981,67.102269,0.0,top,D33,,,LED_0805_2012Metric,LED,smt,True
30.795002,74.440001,180.0,bottom,D34,,,Nexperia_CFP3_SOD-123W,PMEG10010ELRX,smt,True
79.490981,60.052269,0.0,top,D35,,,LED_0805_2012Metric,LED Green,smt,True
73.440981,60.052269,0.0,top,D36,,,LED_0805_2012Metric,LED,smt,True
30.795002,60.115001,180.0,bottom,D37,,,Nexperia_CFP3_SOD-123W,PMEG10010ELRX,smt,True
79.490981,53.002269,0.0,top,D38,,,LED_0805_2012Metric,LED Green,smt,True
73.440981,53.002269,0.0,top,D39,,,LED_0805_2012Metric,LED,smt,True
30.745002,97.467501,180.0,top,D4,,,Nexperia_CFP3_SOD-123W,PMEG10010ELRX,smt,True
30.795002,45.790001,180.0,bottom,D40,,,Nexperia_CFP3_SOD-123W,PMEG10010ELRX,smt,True
79.490981,45.952269,0.0,top,D41,,,LED_0805_2012Metric,LED Green,smt,True
73.440981,45.952269,0.0,top,D42,,,LED_0805_2012Metric,LED,smt,True
30.783499,31.46,180.0,bottom,D43,,,Nexperia_CFP3_SOD-123W,PMEG10010ELRX,smt,True
79.490981,38.902269,0.0,top,D44,,,LED_0805_2012Metric,LED Green,smt,True
73.440981,38.902269,0.0,top,D45,,,LED_0805_2012Metric,LED,smt,True
30.826001,17.145001,180.0,bottom,D46,,,Nexperia_CFP3_SOD-123W,PMEG10010ELRX,smt,True
79.490981,31.852269,0.0,top,D47,,,LED_0805_2012Metric,LED Green,smt,True
73.44433,31.851778,0.0,top,D48,,,LED_0805_2012Metric,LED,smt,True
91.525,74.15,0.0,top,D5,,,LED_0805_2012Metric,LED Green,smt,True
85.475,74.15,0.0,top,D6,,,LED_0805_2012Metric,LED,smt,True
30.795002,83.141787,180.0,top,D7,,,Nexperia_CFP3_SOD-123W,PMEG10010ELRX,smt,True
91.525,67.1,0.0,top,D8,,,LED_0805_2012Metric,LED Green,smt,True
85.475,67.1,0.0,top,D9,,,LED_0805_2012Metric,LED,smt,True
70.65,11.375,180.0,top,F1,,,Fuse_2920_7451Metric,0ZCF0125FF2C,smt,True
5.575,5.5,0.0,top,H1,,,MountingHole_3.2mm_M3,MountingHole,tht,True
94.525,5.5,0.0,top,H2,,,MountingHole_3.2mm_M3,MountingHole,tht,True
5.575,122.725,0.0,top,H3,,,MountingHole_3.2mm_M3,MountingHole,tht,True
94.525,122.725,0.0,top,H4,,,MountingHole_3.2mm_M3,MountingHole,tht,True
82.455086,18.306409,0.0,top,J1,,None,CUI_PJ-063AH,PJ-063AH,tht,True
18.137502,103.920002,-90.0,top,J3,,None,CUI_TBL009-254-16GY-2GY,TBL009-254-16GY-2GY,tht,True
18.162502,61.120002,-90.0,top,J4,,None,CUI_TBL009-254-16GY-2GY,TBL009-254-16GY-2GY,tht,True
94.179997,81.200002,-90.0,top,LP1,,,Lightpipe_LPF-C014301S,LPF-C014301S,tht,True
94.179997,74.149998,-90.0,top,LP2,,,Lightpipe_LPF-C014301S,LPF-C014301S,tht,True
94.18,67.1,-90.0,top,LP3,,,Lightpipe_LPF-C014301S,LPF-C014301S,tht,True
94.18,60.05,-90.0,top,LP4,,,Lightpipe_LPF-C014301S,LPF-C014301S,tht,True
94.179998,53.000002,-90.0,top,LP5,,,Lightpipe_LPF-C014301S,LPF-C014301S,tht,True
94.18,45.949998,-90.0,top,LP6,,,Lightpipe_LPF-C014301S,LPF-C014301S,tht,True
94.179997,38.899999,-90.0,top,LP7,,,Lightpipe_LPF-C014301S,LPF-C014301S,tht,True
94.18,31.85,-90.0,top,LP8,,,Lightpipe_LPF-C014301S,LPF-C014301S,tht,True
41.792502,119.435001,90.0,top,Q1,,,SOT-23,2N7002E,smt,True
41.817502,95.410001,-90.0,bottom,Q10,,,SOT-23,2N7002E,smt,True
41.867502,81.085001,-90.0,bottom,Q11,,,SOT-23,2N7002E,smt,True
41.867502,66.760001,-90.0,bottom,Q12,,,SOT-23,2N7002E,smt,True
41.867502,52.435001,-90.0,bottom,Q13,,,SOT-23,2N7002E,smt,True
41.867502,38.110001,-90.0,bottom,Q14,,,SOT-23,2N7002E,smt,True
41.855999,23.78,-90.0,bottom,Q15,,,SOT-23,2N7002E,smt,True
41.898501,9.465001,-90.0,bottom,Q16,,,SOT-23,2N7002E,smt,True
41.817502,105.147501,90.0,top,Q2,,,SOT-23,2N7002E,smt,True
41.867502,90.821787,90.0,top,Q3,,,SOT-23,2N7002E,smt,True
41.867502,76.496073,90.0,top,Q4,,,SOT-23,2N7002E,smt,True
41.867502,62.170359,90.0,top,Q5,,,SOT-23,2N7002E,smt,True
41.867502,47.844645,90.0,top,Q6,,,SOT-23,2N7002E,smt,True
41.867502,33.518931,90.0,top,Q7,,,SOT-23,2N7002E,smt,True
41.887502,19.193217,90.0,top,Q8,,,SOT-23,2N7002E,smt,True
41.792502,109.697501,-90.0,bottom,Q9,,,SOT-23,2N7002E,smt,True
45.812502,119.745001,180.0,top,R1,,,R_1206_3216Metric,4k7,smt,True
45.836303,103.155801,180.0,top,R10,,,R_1206_3216Metric,4k7,smt,True
30.749003,102.027501,0.0,top,R11,,,R_1206_3216Metric,191k,smt,True
45.817502,98.617501,180.0,top,R12,,,R_1206_3216Metric,4k7,smt,True
45.887502,91.131787,180.0,top,R13,,,R_1206_3216Metric,4k7,smt,True
36.757502,90.031787,180.0,top,R14,,,R_1206_3216Metric,162k,smt,True
45.884003,86.571787,180.0,top,R15,,,R_1206_3216Metric,49R9,smt,True
45.886303,88.830087,180.0,top,R16,,,R_1206_3216Metric,4k7,smt,True
30.799003,87.701787,0.0,top,R17,,,R_1206_3216Metric,191k,smt,True
45.867502,84.291787,180.0,top,R18,,,R_1206_3216Metric,4k7,smt,True
45.887502,76.806073,180.0,top,R19,,,R_1206_3216Metric,4k7,smt,True
36.682502,118.645001,180.0,top,R2,,,R_1206_3216Metric,162k,smt,True
36.757502,75.706073,180.0,top,R20,,,R_1206_3216Metric,162k,smt,True
45.884003,72.246073,180.0,top,R21,,,R_1206_3216Metric,49R9,smt,True
45.886303,74.504373,180.0,top,R22,,,R_1206_3216Metric,4k7,smt,True
30.799003,73.376073,0.0,top,R23,,,R_1206_3216Metric,191k,smt,True
45.867502,69.966073,180.0,top,R24,,,R_1206_3216Metric,4k7,smt,True
45.887502,62.480359,180.0,top,R25,,,R_1206_3216Metric,4k7,smt,True
36.757502,61.380359,180.0,top,R26,,,R_1206_3216Metric,162k,smt,True
45.884003,57.920359,180.0,top,R27,,,R_1206_3216Metric,49R9,smt,True
45.886303,60.178659,180.0,top,R28,,,R_1206_3216Metric,4k7,smt,True
30.799003,59.050359,0.0,top,R29,,,R_1206_3216Metric,191k,smt,True
45.809003,115.185001,180.0,top,R3,,,R_1206_3216Metric,49R9,smt,True
45.867502,55.640359,180.0,top,R30,,,R_1206_3216Metric,4k7,smt,True
45.887502,48.154645,180.0,top,R31,,,R_1206_3216Metric,4k7,smt,True
36.757502,47.054645,180.0,top,R32,,,R_1206_3216Metric,162k,smt,True
45.884003,43.594645,180.0,top,R33,,,R_1206_3216Metric,49R9,smt,True
45.886303,45.852945,180.0,top,R34,,,R_1206_3216Metric,4k7,smt,True
30.799003,44.724645,0.0,top,R35,,,R_1206_3216Metric,191k,smt,True
45.867502,41.314645,180.0,top,R36,,,R_1206_3216Metric,4k7,smt,True
45.887502,33.828931,180.0,top,R37,,,R_1206_3216Metric,4k7,smt,True
36.757502,32.728931,180.0,top,R38,,,R_1206_3216Metric,162k,smt,True
45.884003,29.268931,180.0,top,R39,,,R_1206_3216Metric,49R9,smt,True
45.811303,117.443301,180.0,top,R4,,,R_1206_3216Metric,4k7,smt,True
45.886303,31.527231,180.0,top,R40,,,R_1206_3216Metric,4k7,smt,True
30.799003,30.398931,0.0,top,R41,,,R_1206_3216Metric,191k,smt,True
45.867502,26.988931,180.0,top,R42,,,R_1206_3216Metric,4k7,smt,True
45.907502,19.503217,180.0,top,R43,,,R_1206_3216Metric,4k7,smt,True
36.777502,18.403217,180.0,top,R44,,,R_1206_3216Metric,162k,smt,True
45.904003,14.943217,180.0,top,R45,,,R_1206_3216Metric,49R9,smt,True
45.906303,17.201517,180.0,top,R46,,,R_1206_3216Metric,4k7,smt,True
30.819003,16.073217,0.0,top,R47,,,R_1206_3216Metric,191k,smt,True
45.887502,12.663217,180.0,top,R48,,,R_1206_3216Metric,4k7,smt,True
45.812502,109.387501,180.0,bottom,R49,,,R_1206_3216Metric,4k7,smt,True
30.724003,116.315001,0.0,top,R5,,,R_1206_3216Metric,191k,smt,True
36.682502,110.487501,180.0,bottom,R50,,,R_1206_3216Metric,162k,smt,True
45.809003,113.947501,180.0,bottom,R51,,,R_1206_3216Metric,49R9,smt,True
45.811303,111.689201,180.0,bottom,R52,,,R_1206_3216Metric,4k7,smt,True
30.724003,112.817501,0.0,bottom,R53,,,R_1206_3216Metric,191k,smt,True
45.792502,116.227501,180.0,bottom,R54,,,R_1206_3216Metric,4k7,smt,True
45.837502,95.100001,180.0,bottom,R55,,,R_1206_3216Metric,4k7,smt,True
36.707502,96.200001,180.0,bottom,R56,,,R_1206_3216Metric,162k,smt,True
45.834003,99.660001,180.0,bottom,R57,,,R_1206_3216Metric,49R9,smt,True
45.836303,97.401701,180.0,bottom,R58,,,R_1206_3216Metric,4k7,smt,True
30.749003,98.530001,0.0,bottom,R59,,,R_1206_3216Metric,191k,smt,True
45.792502,112.905001,180.0,top,R6,,,R_1206_3216Metric,4k7,smt,True
45.817502,101.940001,180.0,bottom,R60,,,R_1206_3216Metric,4k7,smt,True
45.887502,80.775001,180.0,bottom,R61,,,R_1206_3216Metric,4k7,smt,True
36.757502,81.875001,180.0,bottom,R62,,,R_1206_3216Metric,162k,smt,True
45.884003,85.335001,180.0,bottom,R63,,,R_1206_3216Metric,49R9,smt,True
45.886303,83.076701,180.0,bottom,R64,,,R_1206_3216Metric,4k7,smt,True
30.799003,84.205001,0.0,bottom,R65,,,R_1206_3216Metric,191k,smt,True
45.867502,87.615001,180.0,bottom,R66,,,R_1206_3216Metric,4k7,smt,True
45.887502,66.450001,180.0,bottom,R67,,,R_1206_3216Metric,4k7,smt,True
36.757502,67.550001,180.0,bottom,R68,,,R_1206_3216Metric,162k,smt,True
45.884003,71.010001,180.0,bottom,R69,,,R_1206_3216Metric,49R9,smt,True
45.837502,105.457501,180.0,top,R7,,,R_1206_3216Metric,4k7,smt,True
45.886303,68.751701,180.0,bottom,R70,,,R_1206_3216Metric,4k7,smt,True
30.799003,69.880001,0.0,bottom,R71,,,R_1206_3216Metric,191k,smt,True
45.867502,73.290001,180.0,bottom,R72,,,R_1206_3216Metric,4k7,smt,True
45.887502,52.125001,180.0,bottom,R73,,,R_1206_3216Metric,4k7,smt,True
36.757502,53.225001,180.0,bottom,R74,,,R_1206_3216Metric,162k,smt,True
45.884003,56.685001,180.0,bottom,R75,,,R_1206_3216Metric,49R9,smt,True
45.886303,54.426701,180.0,bottom,R76,,,R_1206_3216Metric,4k7,smt,True
30.799003,55.555001,0.0,bottom,R77,,,R_1206_3216Metric,191k,smt,True
45.867502,58.965001,180.0,bottom,R78,,,R_1206_3216Metric,4k7,smt,True
45.887502,37.800001,180.0,bottom,R79,,,R_1206_3216Metric,4k7,smt,True
36.707502,104.357501,180.0,top,R8,,,R_1206_3216Metric,162k,smt,True
36.757502,38.900001,180.0,bottom,R80,,,R_1206_3216Metric,162k,smt,True
45.884003,42.360001,180.0,bottom,R81,,,R_1206_3216Metric,49R9,smt,True
45.886303,40.101701,180.0,bottom,R82,,,R_1206_3216Metric,4k7,smt,True
30.799003,41.230001,0.0,bottom,R83,,,R_1206_3216Metric,191k,smt,True
45.867502,44.640001,180.0,bottom,R84,,,R_1206_3216Metric,4k7,smt,True
45.875999,23.47,180.0,bottom,R85,,,R_1206_3216Metric,4k7,smt,True
36.745999,24.57,180.0,bottom,R86,,,R_1206_3216Metric,162k,smt,True
45.8725,28.03,180.0,bottom,R87,,,R_1206_3216Metric,49R9,smt,True
45.8748,25.7717,180.0,bottom,R88,,,R_1206_3216Metric,4k7,smt,True
30.7875,26.9,0.0,bottom,R89,,,R_1206_3216Metric,191k,smt,True
45.834003,100.897501,180.0,top,R9,,,R_1206_3216Metric,49R9,smt,True
45.855999,30.31,180.0,bottom,R90,,,R_1206_3216Metric,4k7,smt,True
45.918501,9.155001,180.0,bottom,R91,,,R_1206_3216Metric,4k7,smt,True
36.788501,10.255001,180.0,bottom,R92,,,R_1206_3216Metric,162k,smt,True
45.915002,13.715001,180.0,bottom,R93,,,R_1206_3216Metric,49R9,smt,True
45.917302,11.456701,180.0,bottom,R94,,,R_1206_3216Metric,4k7,smt,True
30.830002,12.585001,0.0,bottom,R95,,,R_1206_3216Metric,191k,smt,True
45.898501,15.995001,180.0,bottom,R96,,,R_1206_3216Metric,4k7,smt,True
38.011503,114.565001,0.0,top,U1,,,IC_TPS27S100BPWPR,DRV104PWP,smt,True
38.036503,100.280001,0.0,bottom,U10,,,IC_TPS27S100BPWPR,DRV104PWP,smt,True
38.086503,85.955001,0.0,bottom,U11,,,IC_TPS27S100BPWPR,DRV104PWP,smt,True
38.086503,71.630001,0.0,bottom,U12,,,IC_TPS27S100BPWPR,DRV104PWP,smt,True
38.086503,57.305001,0.0,bottom,U13,,,IC_TPS27S100BPWPR,DRV104PWP,smt,True
38.086503,42.980001,0.0,bottom,U14,,,IC_TPS27S100BPWPR,DRV104PWP,smt,True
38.075,28.65,0.0,bottom,U15,,,IC_TPS27S100BPWPR,DRV104PWP,smt,True
38.117502,14.335001,0.0,bottom,U16,,,IC_TPS27S100BPWPR,DRV104PWP,smt,True
74.687064,102.656013,-90.0,top,U18,,,FT4232H_MINI_MODULE,FT4232H MINI MODULE,tht,True
38.036503,100.277501,0.0,top,U2,,,IC_TPS27S100BPWPR,DRV104PWP,smt,True
38.086503,85.951787,0.0,top,U3,,,IC_TPS27S100BPWPR,DRV104PWP,smt,True
38.086503,71.626073,0.0,top,U4,,,IC_TPS27S100BPWPR,DRV104PWP,smt,True
38.086503,57.300359,0.0,top,U5,,,IC_TPS27S100BPWPR,DRV104PWP,smt,True
38.086503,42.974645,0.0,top,U6,,,IC_TPS27S100BPWPR,DRV104PWP,smt,True
38.086503,28.648931,0.0,top,U7,,,IC_TPS27S100BPWPR,DRV104PWP,smt,True
38.106503,14.323217,0.0,top,U8,,,IC_TPS27S100BPWPR,DRV104PWP,smt,True
38.011503,114.567501,0.0,bottom,U9,,,IC_TPS27S100BPWPR,DRV104PWP,smt,True
