﻿Designator,Quantity,Value,Footprint,Package,MPN,DNP,Mount_Type,PartNum,Mfg,Sim.Device,Sim.Pins,MF,Description_1,Price,Check_prices,STANDARD,PARTREV,SnapEDA_Link,MP,Purchase-URL,CUI_purchase_URL,Availability,MANUFACTURER,Description
C1,1,47uF,CP_EIA-7343-43_Kemet-X_Pad2.25x2.55mm_HandSolder,,,,smt,T491X476K035AT,Kemet,,,,,,,,,,,,,,,
"C10, C13, C16, C19, C22, C25, C28, C31, C34, C37, C4, C40, C43, C46, C49, C7",16,470pF,C_1206_3216Metric,,,,smt,C0805C471K5RAC7800,Kemet,,,,,,,,,,,,,,,
"C11, C14, C17, C2, C20, C23, C26, C29, C32, C35, C38, C41, C44, C47, C5, C8",16,10uF,C_1210_3225Metric,,,,smt,CL32A106KLULNNE,Samsung Electro-Mechanics,,,,,,,,,,,,,,,
"C12, C15, C18, C21, C24, C27, C3, C30, C33, C36, C39, C42, C45, C48, C6, C9",16,0.18uF,C_1206_3216Metric,,,,smt,08053C184KAT2A,KYOCERA AVX,,,,,,,,,,,,,,,
"D1, D10, D13, D16, D19, D22, D25, D28, D31, D34, D37, D4, D40, D43, D46, D7",16,PMEG10010ELRX,Nexperia_CFP3_SOD-123W,,,,smt,PMEG10010ELRX,Nexperia,D,1=K 2=A,,,,,,,,,,,,,
"D11, D14, D17, D2, D20, D23, D26, D29, D32, D35, D38, D41, D44, D47, D5, D8",16,LED Green,LED_0805_2012Metric,,,,smt,150080RS75000,Wurth,,,,,,,,,,,,,,,
"D12, D15, D18, D21, D24, D27, D3, D30, D33, D36, D39, D42, D45, D48, D6, D9",16,LED,LED_0805_2012Metric,,,,smt,150080RS75000,Wurth,,,,,,,,,,,,,,,
F1,1,0ZCF0125FF2C,Fuse_2920_7451Metric,,,,smt,0ZCF0125FF2C,Bel Fuse,,,,,,,,,,,,,,,
"H1, H2, H3, H4",4,MountingHole,MountingHole_3.2mm_M3,,,,tht,,,,,,,,,,,,,,,,,
J1,1,PJ-063AH,CUI_PJ-063AH,None,,,tht,,,,,CUI Devices,"2.0 x 6.5 mm, 8.0 A, Horizontal, Through Hole, Shielded, Kinked Pins, Dc Power Jack Connector",None,https://www.snapeda.com/parts/PJ-063AH/CUI+Devices/view-part/?ref=eda,Manufacturer recommendations,1.02,https://www.snapeda.com/parts/PJ-063AH/CUI+Devices/view-part/?ref=snap,PJ-063AH,https://www.snapeda.com/api/url_track_click_mouser/?unipart_id=681061&manufacturer=CUI Devices&part_name=PJ-063AH&search_term=pj-063ah,https://www.cuidevices.com/product/interconnect/connectors/dc-power-connectors/jacks/pj-063ah?utm_source=snapeda.com&utm_medium=referral&utm_campaign=snapedaBOM,In Stock,CUI INC,
"J3, J4",2,TBL009-254-16GY-2GY,CUI_TBL009-254-16GY-2GY,None,,,tht,,,,,CUI Devices,"2~24 Poles, Screwless, Horizontal, 2.54 Pitch, 26~18 (AWG), Terminal Block Connector",None,https://www.snapeda.com/parts/TBL009-254-16GY-2GY/CUI+Devices/view-part/?ref=eda,Manufacturer Recommendations,,https://www.snapeda.com/parts/TBL009-254-16GY-2GY/CUI+Devices/view-part/?ref=snap,TBL009-254-16GY-2GY,https://www.snapeda.com/api/url_track_click_mouser/?unipart_id=3651095&manufacturer=CUI Devices&part_name=TBL009-254-16GY-2GY&search_term=tbl009-254-16gy-2gy,https://www.cuidevices.com/product/interconnect/connectors/terminal-blocks/tbl009-254-series?utm_source=snapeda.com&utm_medium=referral&utm_campaign=snapedaBOM,In Stock,CUI,
"LP1, LP2, LP3, LP4, LP5, LP6, LP7, LP8",8,LPF-C014301S,Lightpipe_LPF-C014301S,,,,tht,,,,,,,,,,,,,,,,,light pipe
"Q1, Q10, Q11, Q12, Q13, Q14, Q15, Q16, Q2, Q3, Q4, Q5, Q6, Q7, Q8, Q9",16,2N7002E,SOT-23,,,,smt,,,,,,,,,,,,,,,,,
"R1, R10, R12, R13, R16, R18, R19, R22, R24, R25, R28, R30, R31, R34, R36, R37, R4, R40, R42, R43, R46, R48, R49, R52, R54, R55, R58, R6, R60, R61, R64, R66, R67, R7, R70, R72, R73, R76, R78, R79, R82, R84, R85, R88, R90, R91, R94, R96",48,4k7,R_1206_3216Metric,,,,smt,"[R91]RC0805FR-07162KL; [R94,R96]RC0805JR-074K7L",Yageo,,,,,,,,,,,,,,,
"R11, R17, R23, R29, R35, R41, R47, R5, R53, R59, R65, R71, R77, R83, R89, R95",16,191k,R_1206_3216Metric,,,,smt,RC0805FR-07191KL,Yageo,,,,,,,,,,,,,,,
"R14, R2, R20, R26, R32, R38, R44, R50, R56, R62, R68, R74, R8, R80, R86, R92",16,162k,R_1206_3216Metric,,,,smt,RC0805FR-07162KL,Yageo,,,,,,,,,,,,,,,
"R15, R21, R27, R3, R33, R39, R45, R51, R57, R63, R69, R75, R81, R87, R9, R93",16,49R9,R_1206_3216Metric,,,,smt,RC0805FR-0749R9L,Yageo,,,,,,,,,,,,,,,
"U1, U10, U11, U12, U13, U14, U15, U16, U2, U3, U4, U5, U6, U7, U8, U9",16,DRV104PWP,IC_TPS27S100BPWPR,,,,smt,DRV104PWP,TI,,,,,,,,,,,,,,,
U18,1,FT4232H MINI MODULE,FT4232H_MINI_MODULE,,,,tht,,,,,,,,,,,,,,,,,
